{
  "num_nodes": 259,
  "num_edges": 5735,
  "max_possible_edges": 33411,
  "density": 0.1716500553709856,
  "num_colors_used": 27,
  "total_input_cliques": 605,
  "max_input_clique_size": 26,
  "avg_input_clique_size": 6.667768595041323,
  "input_clique_size_distribution": {
    "1": 126,
    "3": 116,
    "2": 32,
    "6": 59,
    "7": 27,
    "5": 47,
    "10": 49,
    "9": 29,
    "12": 6,
    "4": 1,
    "11": 16,
    "8": 1,
    "15": 1,
    "16": 5,
    "18": 11,
    "13": 2,
    "14": 41,
    "21": 1,
    "22": 9,
    "24": 16,
    "26": 3,
    "17": 2,
    "20": 4,
    "19": 1
  }
}